student_id,name,department,year,age,attendance,python_marks,ml_marks,projects_completed
1,Aarav,CSE,2,19,82,78,81,2
2,Ananya,AIML,3,20,91,91,94,4
3,Arjun,CSE,2,19,76,67,72,1
4,Diya,ECE,1,18,88,82,79,3
5,Rohan,AIML,3,21,69,88,91,5
6,Sneha,CSE,2,19,95,95,89,4
7,Karan,ISE,4,22,73,73,76,2
8,Priya,AIML,3,20,84,85,88,3
9,Aditya,ECE,1,18,92,76,74,2
10,Isha,CSE,2,19,78,69,71,1
11,Rahul,AIML,3,21,87,93,96,5
12,Meera,ISE,4,22,66,64,68,1
13,Vivek,CSE,2,19,81,81,85,3
14,Nisha,ECE,1,18,89,87,83,4
15,Akash,AIML,3,20,94,90,92,5
16,Kavya,CSE,2,19,72,72,75,2
17,Ritvik,ISE,4,22,79,79,82,3
18,Pooja,AIML,3,21,86,86,90,4
19,Varun,CSE,2,19,91,94,95,5
20,Aditi,ECE,1,18,74,68,70,1
21,Manish,CSE,4,22,68,61,65,1
22,Sanya,AIML,3,20,96,97,98,5
23,Yash,ISE,2,19,83,83,87,3
24,Neha,CSE,4,21,77,75,78,2
25,Harsh,ECE,1,18,90,89,91,4
26,Riya,AIML,3,20,85,92,93,5
27,Dev,CSE,2,19,71,70,73,2
28,Simran,ISE,4,22,93,84,86,4
29,Nikhil,AIML,3,21,88,96,97,5
30,Tanvi,ECE,1,18,80,77,80,3
